qname,question
MainBranch,"Which of the following options best describes you today? For the purpose of this survey, a developer is ""someone who writes code"". *"
Age,What is your age? *
Employment,Which of the following best describes your current employment status? Select all that apply.
RemoteWork,Which best describes your current work situation?
Industry,What industry is the company you work for in?
Country,"Where do you live? <span style=""font-weight: bolder;"">*</span>"
CompTotal,"What is your current total <b>annual</b> compensation (salary, bonuses, and perks, before taxes and deductions)? Please enter a whole number in the box below, without any punctuation.  If you are paid hourly, please estimate an equivalent yearly salary. If you prefer not to answer, please leave the box empty."
EdLevel,Which of the following best describes the highest level of formal education that you’ve completed? *
WorkExp,How many years of working experience do you have?
DevType,"Which of the following describes your current job, the one you do most of the time? Please select only one."
TBranch,"<span style=""font-size:16px;"">Would you like to participate in the Professional Developer Series? *</span>"
LearnCode,How do you learn to code? Select all that apply.
LearnCodeOnline,What online resources do you use to learn to code? Select all that apply.
PurchaseInfluence,"What level of influence do you, personally, have over new technology purchases at your organization?"
OrgSize,"Approximately how many people are employed by the company or organization you currently work for?  This should only include your primary company, and not the entire holding or parent company if that applies."
Currency,"Which currency do you use day-to-day? If your answer is complicated, please pick the one you're most comfortable estimating in. *"
AISearch,"Which <b>AI-powered search tools</b> did you use regularly over the past year, and which do you want to work with over the next year? Select all that apply."
AIDev,"Which <b>AI-powered developer tools</b> did you use regularly over the past year, and which do you want to work with over the next year? Select all that apply"
AITool,Which parts of your development workflow are you currently using AI tools for and which are you interested in using AI tools for over the next year?  Please select all that apply.
AINext,"Thinking about how your workflow and process changes over time, how similar or different do you anticipate your workflow to be 1 year from now as a result of AI tools you are currently using?"
AIOpen,"Please describe how you would expect your workflow to be different, if at all, in 1 year as a result of AI advancements."
AISelect,Do you currently use AI tools in your development process? *
AISent,How favorable is your stance on using AI tools as part of your development workflow?
AIAcc,"For the AI tools you use as part of your development workflow, what are the MOST important benefits you are hoping to achieve? Please check all that apply."
AIBen,How much do you trust the accuracy of the output from AI tools as part of your development workflow?
